{"cameraMode":{"drawMode":0,"name":"Shaded","section":"Shading Mode"},"sceneLighting":false,"audioPlay":false,"sceneViewState":{"m_AlwaysRefresh":false,"showFog":true,"showSkybox":false,"showFlares":true,"showImageEffects":true,"showParticleSystems":true,"showVisualEffectGraphs":true,"m_FxEnabled":true},"in2DMode":false,"pivot":{"x":0.3093110918998718,"y":-1.5952491760253907,"z":-1.4818663597106934},"rotation":{"x":-0.040409110486507419,"y":-0.8326541781425476,"z":0.5498324632644653,"w":-0.05286078900098801},"size":2.6071527004241945,"orthographic":false}