{"cameraMode":{"drawMode":0,"name":"Shaded","section":"Shading Mode"},"sceneLighting":false,"audioPlay":false,"sceneViewState":{"m_AlwaysRefresh":false,"showFog":true,"showSkybox":false,"showFlares":true,"showImageEffects":true,"showParticleSystems":true,"showVisualEffectGraphs":true,"m_FxEnabled":true},"in2DMode":false,"pivot":{"x":-1.4420703649520875,"y":0.7304317951202393,"z":-0.12176288664340973},"rotation":{"x":0.40630343556404116,"y":0.38325345516204836,"z":-0.19292640686035157,"w":0.8067615628242493},"size":0.6374577283859253,"orthographic":false}