{"cameraMode":{"drawMode":0,"name":"Shaded","section":"Shading Mode"},"sceneLighting":false,"audioPlay":false,"sceneViewState":{"m_AlwaysRefresh":false,"showFog":true,"showSkybox":false,"showFlares":true,"showImageEffects":true,"showParticleSystems":true,"showVisualEffectGraphs":true,"m_FxEnabled":true},"in2DMode":false,"pivot":{"x":0.006666302680969238,"y":0.8861732482910156,"z":0.006751939654350281},"rotation":{"x":-0.029841462150216104,"y":-0.9511107206344605,"z":0.2967396676540375,"w":-0.08027536422014237},"size":0.8674795031547546,"orthographic":false}