{"cameraMode":{"drawMode":0,"name":"Shaded","section":"Shading Mode"},"sceneLighting":false,"audioPlay":false,"sceneViewState":{"m_AlwaysRefresh":false,"showFog":true,"showSkybox":false,"showFlares":true,"showImageEffects":true,"showParticleSystems":true,"showVisualEffectGraphs":true,"m_FxEnabled":true},"in2DMode":false,"pivot":{"x":0.2305983603000641,"y":0.8084464073181152,"z":0.02003435790538788},"rotation":{"x":-0.12645290791988374,"y":0.2514657974243164,"z":-0.033184900879859927,"w":-0.9590268135070801},"size":1.4537250995635987,"orthographic":false}